date,total_attendance,new_students,grade_9_male,grade_9_female,grade_10_male,grade_10_female,grade_11_male,grade_11_female,grade_12_male,grade_12_female,notes
1/3/21,,,,,,,,,,,
1/10/21,,,,,,,,,,,
1/17/21,,,,,,,,,,,
1/24/21,,,,,,,,,,,
1/31/21,,,,,,,,,,,
2/7/21,,,,,,,,,,,
2/14/21,,,,,,,,,,,
2/21/21,91,3,,,,,,,,,
2/28/21,75,1,,,,,,,,,
3/7/21,67,,,,,,,,,,
3/14/21,,,,,,,,,,,
3/21/21,60,2,,,,,,,,,
3/28/21,100,,,,,,,,,,
4/4/21,,,,,,,,,,,
4/11/21,75,,,,,,,,,,
4/18/21,78,,,,,,,,,,
4/25/21,72,,,,,,,,,,
5/2/21,78,,,,,,,,,,
5/9/21,,,,,,,,,,,
5/16/21,75,,,,,,,,,,
5/23/21,46,,,,,,,,,,
5/30/21,,,,,,,,,,,
6/6/21,,,,,,,,,,,
6/13/21,,,,,,,,,,,
6/20/21,,,,,,,,,,,
6/27/21,,,,,,,,,,,
7/4/21,,,,,,,,,,,
7/11/21,,,,,,,,,,,
7/18/21,,,,,,,,,,,
7/25/21,75,,,,,,,,,,
8/1/21,105,,,,,,,,,,
8/8/21,98,,,,,,,,,,
8/15/21,118,,,,,,,,,,
8/22/21,120,,,,,,,,,,
8/29/21,93,,,,,,,,,,
9/5/21,,,,,,,,,,,
9/12/21,104,,,,,,,,,,
9/19/21,105,,,,,,,,,,
9/26/21,110,,,,,,,,,,
10/3/21,100,,,,,,,,,,
10/10/21,76,,,,,,,,,,
10/17/21,98,,,,,,,,,,
10/24/21,116,,,,,,,,,,
10/31/21,,,,,,,,,,,
11/7/21,87,,,,,,,,,,
11/14/21,90,,,,,,,,,,
11/21/21,,,,,,,,,,,
11/28/21,91,,,,,,,,,,
12/5/21,97,,,,,,,,,,
12/12/21,82,,,,,,,,,,
12/19/21,140,,,,,,,,,,
12/26/21,,,,,,,,,,,
1/2/22,,,,,,,,,,,
1/9/22,95,,,,,,,,,,
1/16/22,,,,,,,,,,,
1/23/22,87,,,,,,,,,,
1/30/22,75,,,,,,,,,,
2/6/22,100,,,,,,,,,,
2/13/22,,,,,,,,,,,
2/20/22,105,,,,,,,,,,
2/27/22,93,,,,,,,,,,
3/6/22,102,,,,,,,,,,
3/13/22,,,,,,,,,,,
3/20/22,75,,,,,,,,,,
3/27/22,73,,,,,,,,,,
4/3/22,103,,,,,,,,,,
4/10/22,93,,,,,,,,,,
4/17/22,,,,,,,,,,,
4/24/22,77,,,,,,,,,,
5/1/22,58,,,,,,,,,,
5/8/22,,,,,,,,,,,
5/15/22,85,,,,,,,,,,
5/22/22,87,,,,,,,,,,
5/29/22,,,,,,,,,,,
6/5/22,86,,,,,,,,,,
6/12/22,,,,,,,,,,,
6/19/22,,,,,,,,,,,
6/26/22,,,,,,,,,,,
7/3/22,,,,,,,,,,,
7/10/22,,,,,,,,,,,
7/17/22,,,,,,,,,,,
7/24/22,,,,,,,,,,,
7/31/22,138,14,,,,,,,,,
8/7/22,125,9,,,,,,,,,
8/14/22,153,21,,,,,,,,,
8/21/22,185,10,,,,,,,,,
8/28/22,165,12,,,,,,,,,
9/4/22,,,,,,,,,,,
9/11/22,124,10,,,,,,,,,
9/18/22,133,3,,,,,,,,,
9/25/22,135,7,,,,,,,,,
10/2/22,120,7,,,,,,,,,
10/9/22,98,5,,,,,,,,,
10/16/22,125,2,,,,,,,,,
10/23/22,137,28,,,,,,,,,
10/30/22,108,2,,,,,,,,,
11/6/22,120,7,,,,,,,,,
11/13/22,108,4,,,,,,,,,
11/20/22,,,,,,,,,,,
11/27/22,123,3,,,,,,,,,
12/4/22,138,,,,,,,,,,
12/11/22,104,,,,,,,,,,
12/18/22,98,,,,,,,,,,
12/25/22,,,,,,,,,,,
1/1/23,,,,,,,,,,,
1/8/23,138,,,,,,,,,,
1/15/23,,,,,,,,,,,
1/22/23,127,,,,,,,,,,
1/29/23,130,,,,,,,,,,
2/5/23,117,,,,,,,,,,
2/12/23,,,,,,,,,,,
2/19/23,125,,,,,,,,,,
2/26/23,118,,,,,,,,,,
3/5/23,120,,,,,,,,,,
3/12/23,,,,,,,,,,,
3/19/23,115,,,,,,,,,,
3/26/23,113,,,,,,,,,,
4/2/23,125,,,,,,,,,,
4/9/23,,,,,,,,,,,
4/16/23,106,,,,,,,,,,
4/23/23,98,,,,,,,,,,
4/30/23,114,,,,,,,,,,
5/7/23,109,,,,,,,,,,
5/14/23,,,,,,,,,,,
5/21/23,121,,,,,,,,,,
5/28/23,,,,,,,,,,,
6/4/23,132,,,,,,,,,,
6/11/23,,,,,,,,,,,
6/18/23,,,,,,,,,,,
6/25/23,,,,,,,,,,,
7/2/23,,,,,,,,,,,
7/9/23,,,,,,,,,,,
7/16/23,,,,,,,,,,,
7/23/23,,,,,,,,,,,
7/30/23,170,,,,,,,,,,
8/6/23,155,,,,,,,,,,
8/13/23,170,,,,,,,,,,
8/20/23,182,14,,,,,,,,,
8/27/23,165,,,,,,,,,,
9/3/23,,,,,,,,,,,
9/10/23,158,,,,,,,,,,
9/17/23,146,,,,,,,,,,
9/24/23,151,,,,,,,,,,
10/1/23,186,,,,,,,,,,
10/8/23,121,,,,,,,,,,
10/15/23,139,9,,,,,,,,,
10/22/23,170,,,,,,,,,,
10/29/23,172,,,,,,,,,,
11/5/23,114,,,,,,,,,,
11/12/23,138,11,,,,,,,,,
11/19/23,,,,,,,,,,,
11/26/23,129,,,,,,,,,,
12/3/23,162,10,,,,,,,,,
12/10/23,124,,,,,,,,,,
12/17/23,149,,,,,,,,,,
12/24/23,,,,,,,,,,,
12/31/23,,,,,,,,,,,
1/7/24,155,,,,,,,,,,
1/14/24,,,,,,,,,,,
1/21/24,143,6,,,,,,,,,
1/28/24,146,2,,,,,,,,,
2/4/24,170,,,,,,,,,,
2/11/24,,,,,,,,,,,
2/18/24,119,,,,,,,,,,
2/25/24,148,,,,,,,,,,
3/3/24,139,,,,,,,,,,
3/10/24,,,,,,,,,,,
3/17/24,134,,,,,,,,,,
3/24/24,137,,,,,,,,,,
3/31/24,,,,,,,,,,,
4/7/24,179,,,,,,,,,,
4/14/24,156,,,,,,,,,,
4/21/24,130,,,,,,,,,,
4/28/24,135,,,,,,,,,,
5/5/24,134,,,,,,,,,,
5/12/24,,,,,,,,,,,
5/19/24,123,,,,,,,,,,
5/26/24,,,,,,,,,,,
6/2/24,152,,,,,,,,,,
6/9/24,,,,,,,,,,,
6/16/24,,,,,,,,,,,
6/23/24,,,,,,,,,,,
6/30/24,,,,,,,,,,,
7/7/24,,,,,,,,,,,
7/14/24,,,,,,,,,,,
7/21/24,,,,,,,,,,,
7/28/24,,,,,,,,,,,
8/4/24,185,,,,,,,,,,
8/11/24,,,,,,,,,,,
8/18/24,264,,,,,,,,,,
8/25/24,220,,,,,,,,,,
9/1/24,,,,,,,,,,,
9/8/24,228,,,,,,,,,,
9/15/24,207,,,,,,,,,,
9/22/24,191,,,,,,,,,,
9/29/24,180,,,,,,,,,,
10/6/24,160,,,,,,,,,,
10/13/24,161,,,,,,,,,,
10/20/24,169,,,,,,,,,,
10/27/24,190,,,,,,,,,,
11/3/24,148,,,,,,,,,,
11/10/24,152,,,,,,,,,,
11/17/24,165,,,,,,,,,,
11/24/24,,,,,,,,,,,
12/1/24,173,,,,,,,,,,
12/8/24,136,,,,,,,,,,
12/15/24,152,,,,,,,,,,
12/22/24,,,,,,,,,,,
12/29/24,,,,,,,,,,,
1/5/25,167,,,,,,,,,,
1/12/25,196,,,,,,,,,,
1/19/25,,,,,,,,,,,
1/26/25,168,,,,,,,,,,
2/2/25,171,,,,,,,,,,
2/9/25,,,,,,,,,,,
2/16/25,162,,,,,,,,,,
2/23/25,173,,,,,,,,,,
3/2/25,149,,,,,,,,,,
3/9/25,145,,,,,,,,,,
3/16/25,,,,,,,,,,,
3/23/25,122,,,,,,,,,,
3/30/25,170,,,,,,,,,,
4/6/25,160,,,,,,,,,,
4/13/25,168,,,,,,,,,,
4/20/25,,,,,,,,,,,
4/27/25,115,,,,,,,,,,
5/4/25,152,,,,,,,,,,
5/11/25,,,,,,,,,,,
5/18/25,165,,,,,,,,,,
5/25/25,,,,,,,,,,,
6/1/25,185,,,,,,,,,,
6/8/25,,,,,,,,,,,
6/15/25,,,,,,,,,,,